{
  "backend": "mock:spin",
  "E_min": -1.275754384680826,
  "steps": 80,
  "delta_e": 1.3442689891026938,
  "r2_exp": 0.7186593138785071,
  "var_last": 0.0004262716395201782,
  "mode": "spin"
}