{
  "backend": "mock:spin",
  "E_min": -1.281293976171501,
  "steps": 150,
  "delta_e": 1.3498085805933688,
  "r2_exp": 0.5000332061005476,
  "var_last": 0.00024979421305280637,
  "mode": "spin"
}